{
  "name": "supopen-paas",
  "version": "0.1.0",
  "author": "supopen",
  "summary": null,
  "license": "Apache-2.0",
  "source": "https://vvcelprd0146/tozores/paas-repo",
  "project_page": "https://vvcelprd0146/tozores/paas-repo",
  "issues_url": null,
  "dependencies": [
    {"name":"puppetlabs-stdlib","version_requirement":">= 1.0.0"},
    {"name":"herculesteam-augeasproviders_grub","version_requirement":">= 2.4.0"},
    {"name":"herculesteam-augeasproviders_sysctl","version_requirement":">= 2.1.0"}
  ],
  "data_provider": "hiera"
}