{
  "name": "raphael-infra_tunning_vpn",
  "version": "0.1.0",
  "author": "raphael",
  "summary": "",
  "license": "Apache-2.0",
  "source": "",
  "dependencies": [

  ],
  "operatingsystem_support": [
    {
      "operatingsystem": "CentOS",
      "operatingsystemrelease": [
        "7"
      ]
    },
    {
      "operatingsystem": "OracleLinux",
      "operatingsystemrelease": [
        "7"
      ]
    },
    {
      "operatingsystem": "RedHat",
      "operatingsystemrelease": [
        "7"
      ]
    },
    {
      "operatingsystem": "Scientific",
      "operatingsystemrelease": [
        "7"
      ]
    },
    {
      "operatingsystem": "Debian",
      "operatingsystemrelease": [
        "8"
      ]
    },
    {
      "operatingsystem": "Ubuntu",
      "operatingsystemrelease": [
        "16.04"
      ]
    },
    {
      "operatingsystem": "windows",
      "operatingsystemrelease": [
        "2008 R2",
        "2012 R2",
        "10"
      ]
    }
  ],
  "requirements": [
    {
      "name": "puppet",
      "version_requirement": ">= 4.7.0 < 6.0.0"
    }
  ],
  "pdk-version": "1.4.1",
  "template-url": "file:///opt/puppetlabs/pdk/share/cache/pdk-templates.git",
  "template-ref": "1.4.1-0-g52adbbb"
}
