<?xml version="1.0" encoding="UTF-8"?>
<Configuration status="ERROR" monitorInterval="30">
    <Appenders>
        <Console name="Console" target="SYSTEM_OUT">
            <PatternLayout pattern="[%d{HH:mm:ss.SSS} [%t] %-5level %logger{36} - %msg%n" />
        </Console>
        <Socket name="Splunk" host="${env:SPLUNK_HOST}" port="${env:SPLUNK_PORT}">
            <PatternLayout pattern="[${env:MICROSERVICE} - ${env:HOST_IP} - ${env:HOSTNAME} - [%d{dd/MM/yyyy HH:mm:ss,SSS}] - %-5level - [%logger{1}]] - %msg%n" charset="UTF-8" />
        </Socket>
        <Async name="AsyncSplunk" blocking="false" shutdownTimeout="10">
            <AppenderRef ref="Splunk" />
        </Async>
        <Async name="AsyncConsole">
            <AppenderRef ref="Console" />
        </Async>
    </Appenders>
    <Loggers>
        <Root level="ERROR">
            <AppenderRef ref="AsyncSplunk" />
            <AppenderRef ref="AsyncConsole" />
        </Root>
        <Logger name="splunk.logger" level="${env:LOG_LEVEL}" additivity="false">
            <AppenderRef ref="AsyncSplunk" />
            <AppenderRef ref="AsyncConsole" />
        </Logger>
    </Loggers>
</Configuration>
