<?xml version="1.0" encoding="UTF-8"?>
<beans xmlns="http://www.springframework.org/schema/beans"
    xmlns:xsi="http://www.w3.org/2001/XMLSchema-instance"
    xmlns:context="http://www.springframework.org/schema/context"
    xsi:schemaLocation="
        http://www.springframework.org/schema/beans http://www.springframework.org/schema/beans/spring-beans-4.3.xsd
        http://www.springframework.org/schema/context http://www.springframework.org/schema/context/spring-context-4.3.xsd">

    <!-- Crypto support package -->
    <!-- Java Security Crypto package for non WebLogic
    <bean id="cryptoPackage" class="com.fatwire.security.common.JavaSecurityCrypto" />
    -->
    <!-- Default Crypto package for WebLogic -->
    <bean id="cryptoPackage" class="com.fatwire.security.common.OracleSecurityCrypto" />

    <!-- Credential storage support package -->
    <!-- JCEKS Credential Store for non WebLogic
    <bean id="credentialPackage" class="com.fatwire.security.common.JCEKSCredentialStore" >
	<property name="keyStoreJar" value="WCSitesDefault.keystore" />
	<property name="IBMStoreJar" value="WCSitesDefaultIBM.keystore" />
	<property name="keyStorePassword" value="ForeverWireFat" />
        <property name="securityMetaInfo" ref="securityMetaInfo" />
    </bean>
    -->
    <!-- Default Credential Store for WebLogic -->
    <bean id="credentialPackage" class="com.fatwire.security.common.WeblogicCredentialStore" >
        <property name="securityMetaInfo" ref="securityMetaInfo" />
    </bean>

	<!-- CSRF Token generation/validation package -->
	<bean id="tokenPackage" class="com.fatwire.auth.SecurityTokenImpl" >
	</bean>

    <bean id="securityMetaInfo" class="oracle.fatwire.security.common.SecurityMetaInfo" >
        <property name="uniquePrefix" value="Satellite-@security.timestamp@" />
    </bean>
	
	<!-- Security Basis ... This is the root of all evil -->
	<bean id="securityBasis" class="com.fatwire.security.common.SecurityBasis" >
		<property name="securityCrypto" ref="cryptoPackage" />
		<property name="securityToken" ref="tokenPackage" />
		<property name="credentialStorage" ref="credentialPackage" />
        <property name="securityMetaInfo" ref="securityMetaInfo" />
	</bean>
		
	<!-- Security Context -->
	<bean id="securityContext" class="COM.FutureTense.Security.Context.AdvancedSecurityContextImpl" >
		<property name="securityBasis" ref="securityBasis" />
		<property name="convertCredentials" value="true" />
	</bean>
		
</beans> 