{
  "CHANGELOG.md": "ac623843dc240e65da87c5d07c996a0b",
  "Gemfile": "6c81092933b9abfdab93bbecc3975107",
  "LICENSE": "5aa4a3141e33917cde9c31969bccdc4a",
  "README.md": "f52524adb0119716994bb4b1f32a037a",
  "Rakefile": "2cada7f9756653262472b6bdb3168dc9",
  "examples/init.pp": "4abb7c9856954a71ccabedff572eb7d4",
  "manifests/init.pp": "4d245c8e8cdcc70831fbbf8381760e23",
  "metadata.json": "44b6054614ddcba8dce3db5063231034",
  "spec/classes/init_spec.rb": "b91f812c37db1137d98bc92ff5e49c56",
  "spec/fixtures/response.varfile": "8a1e568dd672cda3cf3bbd16feb84113",
  "spec/spec_helper.rb": "e15072c817e821d85646d86f77a0e894",
  "templates/response.varfile.erb": "2202891ebae2d83b7de5c8c85bbe271e"
}