{
  "name": "kinneygroup-appdynamics",
  "version": "1.0.0",
  "author": "kinneygroup",
  "summary": "Install and configure appdynamics (https://www.appdynamics.com/)",
  "license": "Apache-2.0",
  "source": "https://github.com/kinneygroup/puppet-module-appdynamics.git",
  "project_page": "https://forge.puppet.com/kinneygroup/appdynamics",
  "issues_url": "https://github.com/kinneygroup/puppet-module-appdynamics/issues",
  "dependencies": [
    {"name":"puppetlabs-stdlib","version_requirement":">= 4.10.0 < 5.0.0"}
  ],
  "data_provider": null,
  "tags": [
    "appdynamics",
    "monitoring"
  ],
  "requirements": [
    {
      "name": "puppet",
      "version_requirement": ">= 3.0.0 < 5.0.0"
    }
  ],
  "operatingsystem_support": [
    {
      "operatingsystem": "RedHat",
      "operatingsystemrelease": [
        "7"
      ]
    },
    {
      "operatingsystem": "CentOS",
      "operatingsystemrelease": [
        "7"
      ]
    },
    {
      "operatingsystem": "OracleLinux",
      "operatingsystemrelease": [
        "7"
      ]
    },
    {
      "operatingsystem": "Scientific",
      "operatingsystemrelease": [
        "7"
      ]
    }
  ]
}
