{
  "name": "729196-infra_wt",
  "version": "0.1.0",
  "author": "Andre Mendes",
  "summary": "",
  "license": "Apache-2.0",
  "source": "",
  "dependencies": [

  ],
  "operatingsystem_support": [
    {
      "operatingsystem": "CentOS",
      "operatingsystemrelease": [
        "7"
      ]
    },
    {
      "operatingsystem": "OracleLinux",
      "operatingsystemrelease": [
        "7"
      ]
    },
    {
      "operatingsystem": "RedHat",
      "operatingsystemrelease": [
        "7"
      ]
    },
    {
      "operatingsystem": "Scientific",
      "operatingsystemrelease": [
        "7"
      ]
    }
  ],
  "requirements": [
    {
      "name": "puppet",
      "version_requirement": ">= 4.7.0 < 6.0.0"
    }
  ],
  "pdk-version": "1.6.1",
  "template-url": "file:///opt/puppetlabs/pdk/share/cache/pdk-templates.git",
  "template-ref": "1.6.1-0-g6b0d497"
}
