{
  "name": "infra_posinstall_linux",
  "version": "1.0.0",
  "author": "REDE",
  "summary": "Configuração pos install padrão para instancia EC2 - REDE",
  "license": "N/A",
  "source": "GitLab",
  "project_page": "GitLab",
  "issues_url": "GitLab",
  "dependencies": [
    {"name":"puppetlabs-ntp","version_requirement":">= 4.2.0"},
    {"name":"infra_ssh","version_requirement":">= 1.0.0"},
    {"name":"infra_ldap","version_requirement":">= 1.0.0"},
    {"name":"infra_sudoers","version_requirement":">= 1.0.0"},
    {"name":"infra_symantec_endprotection_linux","version_requirement":">= 1.0.0"}
  ],
  "data_provider": null
}

