{
  "name": "marcelo-wkl_fe_api_interna",
  "version": "0.1.0",
  "author": "marcelo",
  "summary": "Modulo para instalacao da aplicacao interna do FE",
  "license": "Apache-2.0",
  "source": "git@10.8.2.198:Cloud-DevSecOps/Puppet/Configuracao/Workload/wkl_fe_api_interna.git",
  "project_page": "Nowhere",
  "issues_url": "Nowhere",
  "dependencies": [
    {
      "name": "puppetlabs-stdlib",
      "version_requirement": ">= 1.0.0"
    }
  ],
  "operatingsystem_support": [
    {
      "operatingsystem": "CentOS",
      "operatingsystemrelease": [
        "7"
      ]
    },
    {
      "operatingsystem": "OracleLinux",
      "operatingsystemrelease": [
        "7"
      ]
    },
    {
      "operatingsystem": "RedHat",
      "operatingsystemrelease": [
        "7"
      ]
    },
    {
      "operatingsystem": "Scientific",
      "operatingsystemrelease": [
        "7"
      ]
    },
    {
      "operatingsystem": "Debian",
      "operatingsystemrelease": [
        "8"
      ]
    },
    {
      "operatingsystem": "Ubuntu",
      "operatingsystemrelease": [
        "16.04"
      ]
    },
    {
      "operatingsystem": "windows",
      "operatingsystemrelease": [
        "2008 R2",
        "2012 R2",
        "10"
      ]
    }
  ],
  "requirements": [
    {
      "name": "puppet",
      "version_requirement": ">= 4.10.0 < 7.0.0"
    }
  ],
  "pdk-version": "1.8.0",
  "template-url": "file:///opt/puppetlabs/pdk/share/cache/pdk-templates.git",
  "template-ref": "1.8.0-0-g0d9da00"
}